pdb_id,max_identity,closest_training_pdb,n_chains_checked
1NXE,0.973,1NXG,1
1OWC,0.974,1NXG,1
4G6B,0.974,1NXG,1
4JAD,0.96,1NXG,1
4JAE,0.96,1NXG,1
4JAG,0.96,1NXG,1
1S8O,0.477,4PFK,1
3I1Y,0.477,4PFK,1
3I28,0.477,4PFK,1
3KOO,0.477,4PFK,1
3OTQ,0.477,4PFK,1
3WK4,0.477,4PFK,1
3WK5,0.477,4PFK,1
3WK6,0.477,4PFK,1
3WK7,0.477,4PFK,1
3WK8,0.477,4PFK,1
3WK9,0.477,4PFK,1
3WKA,0.477,4PFK,1
3WKB,0.477,4PFK,1
3WKC,0.477,4PFK,1
3WKD,0.477,4PFK,1
3WKE,0.477,4PFK,1
4HAI,0.477,4PFK,1
4J03,0.477,4PFK,1
4OCZ,0.477,4PFK,1
4OD0,0.477,4PFK,1
4Y2J,0.477,4PFK,1
4Y2P,0.477,4PFK,1
4Y2Q,0.477,4PFK,1
4Y2R,0.477,4PFK,1
4Y2S,0.477,4PFK,1
4Y2T,0.477,4PFK,1
4Y2U,0.477,4PFK,1
4Y2V,0.477,4PFK,1
4Y2X,0.477,4PFK,1
4Y2Y,0.477,4PFK,1
5AHX,0.477,4PFK,1
5AI0,0.477,4PFK,1
5AI4,0.477,4PFK,1
5AI5,0.477,4PFK,1
5AI6,0.477,4PFK,1
5AI8,0.477,4PFK,1
5AI9,0.477,4PFK,1
5AIA,0.477,4PFK,1
5AIB,0.477,4PFK,1
5AIC,0.477,4PFK,1
5AK3,0.477,4PFK,1
5AK4,0.477,4PFK,1
5AK5,0.477,4PFK,1
5AK6,0.477,4PFK,1
5AKE,0.477,4PFK,1
5AKG,0.477,4PFK,1
5AKH,0.477,4PFK,1
5AKI,0.477,4PFK,1
5AKJ,0.477,4PFK,1
5AKK,0.477,4PFK,1
5AKL,0.477,4PFK,1
5AKX,0.477,4PFK,1
5AKY,0.477,4PFK,1
5AKZ,0.477,4PFK,1
5ALD,0.477,4PFK,1
5ALE,0.477,4PFK,1
5ALF,0.477,4PFK,1
5ALG,0.477,4PFK,1
5ALH,0.477,4PFK,1
5ALI,0.477,4PFK,1
5ALJ,0.477,4PFK,1
5ALK,0.477,4PFK,1
5ALL,0.477,4PFK,1
5ALM,0.477,4PFK,1
5ALN,0.477,4PFK,1
5ALO,0.477,4PFK,1
5ALP,0.477,4PFK,1
5ALQ,0.477,4PFK,1
5ALR,0.477,4PFK,1
5ALS,0.477,4PFK,1
5ALT,0.477,4PFK,1
5ALU,0.477,4PFK,1
5ALV,0.477,4PFK,1
5ALW,0.477,4PFK,1
5ALX,0.477,4PFK,1
5ALY,0.477,4PFK,1
5ALZ,0.477,4PFK,1
5AM0,0.477,4PFK,1
5AM1,0.477,4PFK,1
5AM2,0.477,4PFK,1
5AM3,0.477,4PFK,1
5AM4,0.477,4PFK,1
5AM5,0.477,4PFK,1
5FP0,0.477,4PFK,1
1OKY,0.942,3NAX,1
1OKZ,0.935,3NAX,1
1UU3,0.934,3NAX,1
1UU7,0.946,3NAX,1
1UU8,0.939,3NAX,1
2BIY,0.974,3NAX,1
2R7B,0.933,3NAX,1
2XCH,0.938,3NAX,1
2XCK,0.935,3NAX,1
3H9O,0.936,3NAX,1
3HRC,0.939,3NAX,1
3ION,0.932,3NAX,1
3IOP,0.936,3NAX,1
3PWY,0.934,3NAX,1
3QC4,0.93,3NAX,2
3QCQ,0.937,3NAX,1
3QCS,0.937,3NAX,1
3QCX,0.937,3NAX,1
3QCY,0.933,3NAX,1
3QD0,0.93,3NAX,1
3QD3,0.939,3NAX,1
3QD4,0.932,3NAX,1
3RCJ,0.959,3NAX,1
3RWP,0.937,3NAX,1
3RWQ,0.95,3NAX,1
3SC1,0.938,3NAX,1
4CT2,0.924,3NAX,1
4RRV,0.958,3NAX,1
5HKM,0.933,3NAX,1
5HNG,0.943,3NAX,1
5HO7,0.943,3NAX,1
5HO8,0.939,3NAX,1
5LVM,0.958,3NAX,1
1B41,0.887,1J07,2
1F8U,0.886,1J07,2
2X8B,0.89,1J07,2
3LII,0.896,1J07,2
4BDT,0.915,1J07,1
4EY4,0.894,1J07,2
4EY5,0.894,1J07,2
4EY6,0.894,1J07,2
4EY7,0.894,1J07,2
4EY8,0.889,1J07,2
4M0E,0.901,1J07,2
4M0F,0.894,1J07,2
4PQE,0.884,1J07,1
5FPQ,0.889,1J07,2
5HF5,0.901,1J07,2
5HF6,0.901,1J07,2
5HF8,0.901,1J07,2
5HF9,0.893,1J07,2
5HFA,0.901,1J07,2
1JEN,0.928,3EP5,4
1JL0,0.92,3EP5,2
3DZ2,0.921,3EP5,2
3DZ4,0.924,3EP5,2
3DZ5,0.91,3EP5,2
3DZ6,0.883,3EP5,2
3DZ7,0.921,3EP5,2
3EP3,0.901,3EP5,2
3EP4,0.895,3EP5,2
3EP6,0.895,3EP5,2
3EP7,0.888,3EP5,2
3EP8,0.894,3EP5,2
3EP9,0.913,3EP5,2
1I7Q,0.928,1I7S,2
1ACM,0.965,1RAA,2
1AT1,0.965,1RAA,2
1D09,0.967,1RAA,2
1EZZ,0.967,1RAA,2
1F1B,0.967,1RAA,2
1I5O,0.967,1RAA,2
1NBE,0.962,1RAA,2
1Q95,0.967,1RAA,2
1R0B,0.967,1RAA,2
1R0C,0.967,1RAA,2
1SKU,0.963,1RAA,2
1TTH,0.967,1RAA,2
1TU0,0.967,1RAA,2
1XJW,0.967,1RAA,2
2A0F,0.964,1RAA,2
2AIR,0.967,1RAA,2
2AT1,0.965,1RAA,2
2H3E,0.965,1RAA,2
2HSE,0.964,1RAA,2
2IPO,0.967,1RAA,2
2QG9,0.958,1RAA,2
2QGF,0.956,1RAA,2
3AT1,0.965,1RAA,2
3D7S,0.967,1RAA,2
3MPU,0.967,1RAA,2
4E2F,0.965,1RAA,2
4F04,0.967,1RAA,2
4KGV,0.965,1RAA,2
4KGX,0.967,1RAA,3
4KGZ,0.967,1RAA,3
4KH0,0.967,1RAA,3
4KH1,0.963,1RAA,2
4WTO,0.967,1RAA,2
6AT1,0.965,1RAA,2
8ATC,0.965,1RAA,2
9ATC,0.964,1RAA,2
1PG5,0.923,2BE9,2
1BIA,0.854,2EWN,1
1BIB,0.865,2EWN,1
1HXD,0.927,2EWN,1
2FB8,0.919,4G9C,1
3D4Q,0.923,4G9C,1
3II5,0.925,4G9C,2
3PPJ,0.923,4G9C,2
3PPK,0.923,4G9C,2
3PRF,0.917,4G9C,1
3PRI,0.923,4G9C,1
3PSB,0.923,4G9C,2
3PSD,0.923,4G9C,2
3Q4C,0.922,4G9C,1
3SKC,0.977,4G9C,2
3TV4,0.977,4G9C,2
3TV6,0.977,4G9C,2
4E26,0.943,4G9C,2
4E4X,0.976,4G9C,2
4EHE,0.977,4G9C,2
4EHG,0.915,4G9C,2
4H58,0.964,4G9C,3
4KSP,0.906,4G9C,2
4KSQ,0.908,4G9C,2
4MBJ,0.977,4G9C,2
4MNF,0.908,4G9C,1
4PP7,0.976,4G9C,2
4YHT,0.892,4G9C,2
5C9C,0.897,4G9C,2
5CT7,0.909,4G9C,2
5FD2,0.936,4G9C,2
5HIE,0.906,4G9C,3
5VAL,0.888,4G9C,2
5VAM,0.953,4G9C,2
1JWH,0.999,3H30,4
1NA7,0.993,3H30,1
1PJK,0.999,3H30,1
2PVR,0.999,3H30,1
2R7I,0.965,3H30,4
2ZJW,0.999,3H30,1
3AMY,0.955,3H30,1
3AT2,0.999,3H30,1
3AT3,0.999,3H30,1
3AT4,0.999,3H30,1
3AXW,0.999,3H30,1
3BQC,1.0,3H30,1
3C13,1.0,3H30,1
3FWQ,0.999,3H30,1
3JUH,0.996,3H30,1
3MB6,1.0,3H30,1
3MB7,0.999,3H30,1
3NGA,0.999,3H30,1
3NSZ,0.999,3H30,1
3OWJ,1.0,3H30,1
3OWK,0.999,3H30,1
3OWL,0.999,3H30,1
3PE1,1.0,3H30,1
3PE2,1.0,3H30,1
3Q04,1.0,3H30,1
3Q9W,1.0,3H30,1
3Q9X,0.999,3H30,1
3Q9Y,1.0,3H30,1
3Q9Z,0.999,3H30,1
3QA0,0.999,3H30,1
3R0T,1.0,3H30,1
3RPS,0.999,3H30,1
3U4U,0.999,3H30,1
3U9C,0.999,3H30,1
3W8L,0.998,3H30,1
3WAR,0.999,3H30,1
3WIK,0.999,3H30,1
3WIL,0.999,3H30,1
3WOW,0.999,3H30,1
4DGL,0.996,3H30,4
4FBX,0.999,3H30,1
4GRB,0.999,3H30,1
4GUB,0.999,3H30,1
4IB5,1.0,3H30,4
4KWP,0.999,3H30,1
4MD7,0.999,3H30,5
4MD8,0.996,3H30,5
4MD9,0.996,3H30,12
4NH1,0.999,3H30,3
4RLL,0.999,3H30,1
4UB7,0.999,3H30,1
4UBA,0.999,3H30,1
5B0X,0.999,3H30,1
5CQU,0.999,3H30,1
5CQW,0.999,3H30,1
5H8B,0.999,3H30,1
5H8E,0.999,3H30,1
5H8G,0.988,3H30,1
5KU8,0.999,3H30,2
5KWH,0.999,3H30,1
5M44,1.0,3H30,1
5M4C,1.0,3H30,1
5M4F,0.999,3H30,1
5M4I,1.0,3H30,1
5N1V,0.999,3H30,1
5NQC,0.998,3H30,1
1IA8,0.986,3JVR,1
1NVQ,0.97,3JVR,1
1NVR,0.97,3JVR,1
1NVS,0.97,3JVR,1
1ZLT,0.986,3JVR,1
1ZYS,1.0,3JVR,1
2AYP,1.0,3JVR,1
2BR1,0.986,3JVR,1
2BRB,0.986,3JVR,1
2BRG,0.977,3JVR,1
2BRH,0.961,3JVR,1
2BRM,0.981,3JVR,1
2BRN,0.985,3JVR,1
2BRO,0.986,3JVR,1
2C3J,0.956,3JVR,1
2C3K,0.989,3JVR,1
2C3L,0.968,3JVR,1
2CGU,0.987,3JVR,1
2CGV,0.988,3JVR,1
2CGW,0.979,3JVR,1
2CGX,0.987,3JVR,1
2E9N,1.0,3JVR,1
2E9O,1.0,3JVR,1
2E9P,1.0,3JVR,1
2E9U,1.0,3JVR,1
2E9V,1.0,3JVR,1
2GDO,0.984,3JVR,1
2GHG,1.0,3JVR,1
2HOG,0.965,3JVR,1
2HXL,0.986,3JVR,1
2HXQ,0.986,3JVR,1
2HY0,0.965,3JVR,1
2QHM,0.942,3JVR,1
2QHN,0.942,3JVR,1
2R0U,0.947,3JVR,1
2WMQ,0.925,3JVR,1
2WMR,0.95,3JVR,1
2WMS,0.903,3JVR,1
2WMT,0.923,3JVR,1
2WMU,0.919,3JVR,1
2WMV,0.939,3JVR,1
2WMW,0.919,3JVR,1
2WMX,0.923,3JVR,1
2X8D,1.0,3JVR,1
2X8E,0.99,3JVR,1
2X8I,0.973,3JVR,1
2XEY,0.945,3JVR,1
2XEZ,0.923,3JVR,1
2XF0,0.922,3JVR,1
2YDI,1.0,3JVR,1
2YDJ,0.944,3JVR,2
2YDK,0.978,3JVR,1
2YER,1.0,3JVR,1
2YEX,1.0,3JVR,1
2YM3,0.92,3JVR,1
2YM4,0.93,3JVR,1
2YM5,0.923,3JVR,1
2YM6,0.945,3JVR,1
2YM7,0.911,3JVR,1
2YM8,0.914,3JVR,1
2YWP,1.0,3JVR,1
3NLB,0.973,3JVR,1
3OT3,0.963,3JVR,1
3OT8,0.934,3JVR,1
3PA3,0.968,3JVR,1
3PA4,0.965,3JVR,1
3PA5,0.933,3JVR,1
3TKH,0.954,3JVR,1
3TKI,0.965,3JVR,1
3U9N,0.967,3JVR,1
4FSM,0.936,3JVR,1
4FSQ,0.927,3JVR,1
4FSR,0.953,3JVR,1
4FST,0.924,3JVR,1
4FSU,0.963,3JVR,1
4FSW,0.928,3JVR,1
4FSY,0.937,3JVR,1
4FSZ,0.928,3JVR,1
4FT0,0.945,3JVR,1
4FT3,0.942,3JVR,1
4FT5,0.934,3JVR,1
4FT7,0.962,3JVR,1
4FT9,0.953,3JVR,1
4FTA,0.924,3JVR,1
4FTC,0.928,3JVR,1
4FTI,0.968,3JVR,1
4FTJ,0.951,3JVR,1
4FTK,0.925,3JVR,1
4FTL,0.925,3JVR,1
4FTM,0.925,3JVR,1
4FTN,0.915,3JVR,1
4FTO,0.914,3JVR,1
4FTQ,0.928,3JVR,1
4FTR,0.948,3JVR,1
4FTT,0.941,3JVR,1
4FTU,0.962,3JVR,1
4GH2,0.93,3JVR,1
4HYH,0.977,3JVR,1
4HYI,0.988,3JVR,1
4JIK,0.932,3JVR,1
4QYE,0.966,3JVR,1
4QYF,0.955,3JVR,1
4QYG,0.97,3JVR,1
4QYH,0.97,3JVR,1
4RVK,0.97,3JVR,1
4RVL,0.937,3JVR,1
4RVM,0.97,3JVR,1
5DLS,0.966,3JVR,1
5F4N,0.962,3JVR,1
1OG2,0.498,2BTY,1
1OG5,0.498,2BTY,1
1R9O,0.498,2BTY,1
4NZ2,0.498,2BTY,1
5A5I,0.498,2BTY,1
5A5J,0.498,2BTY,1
5K7K,0.498,2BTY,1
5W0C,0.498,2BTY,1
5X23,0.498,2BTY,1
5X24,0.498,2BTY,1
5XXI,0.498,2BTY,1
1JIN,0.941,1EGY,1
1JIO,0.958,1EGY,1
1JIP,0.957,1EGY,1
1OXA,0.941,1EGY,1
1Z8O,0.959,1EGY,1
1Z8P,0.957,1EGY,1
1Z8Q,0.957,1EGY,1
2I87,0.924,2I80,2
2I8C,0.924,2I80,2
3N8D,0.876,2I80,2
1DHP,0.957,1YXD,1
1S5T,0.955,1YXD,1
1S5V,0.955,1YXD,1
1S5W,0.955,1YXD,1
1YXC,0.957,1YXD,1
2A6L,0.954,1YXD,1
2A6N,0.954,1YXD,1
2OJP,0.932,1YXD,1
2PUR,0.944,1YXD,1
3C0J,0.948,1YXD,1
3DEN,0.945,1YXD,1
3DU0,0.948,1YXD,1
3I7Q,0.955,1YXD,1
3I7R,0.955,1YXD,1
3I7S,0.955,1YXD,1
4EOU,0.948,1YXD,1
5T25,0.948,1YXD,2
5T26,0.948,1YXD,2
1II6,0.915,2IEH,2
2FME,0.89,2IEH,2
3HQD,0.945,2IEH,1
4A1Z,0.867,2IEH,2
4A28,0.882,2IEH,2
4A5Y,0.917,2IEH,3
4AQV,0.921,2IEH,3
4AQW,0.927,2IEH,3
4B7B,0.872,2IEH,1
4CK5,0.9,2IEH,3
4CK6,0.921,2IEH,3
4CK7,0.921,2IEH,3
4ZCA,0.891,2IEH,2
4ZHI,0.887,2IEH,1
5LDZ,0.906,2FHY,5
1CNQ,0.962,1NV7,1
1EYI,0.961,1NV7,1
1FBC,0.903,1NV7,2
1FBD,0.903,1NV7,2
1FBE,0.903,1NV7,2
1FBF,0.903,1NV7,2
1FBG,0.903,1NV7,2
1FBH,0.915,1NV7,2
1FJ6,0.959,1NV7,1
1FPB,0.903,1NV7,1
1FPK,0.896,1NV7,1
1NUW,0.961,1NV7,1
1NUX,0.961,1NV7,1
1NUY,0.961,1NV7,1
1NUZ,0.962,1NV7,1
1NV0,0.962,1NV7,1
1NV1,0.961,1NV7,1
1NV2,0.961,1NV7,1
1NV3,0.962,1NV7,1
1NV4,0.962,1NV7,1
1NV5,0.961,1NV7,1
1NV6,0.962,1NV7,1
1RDX,0.951,1NV7,1
1YXI,0.961,1NV7,1
2F3B,0.963,1NV7,1
2FBP,0.91,1NV7,1
2QVU,0.962,1NV7,1
2QVV,0.962,1NV7,1
3FBP,0.909,1NV7,1
4GWU,0.89,1NV7,1
4GWW,0.91,1NV7,1
4GWX,0.96,1NV7,1
4GX3,0.959,1NV7,1
4H45,0.959,1NV7,1
5FBP,0.903,1NV7,2
1ADO,0.0,,1
1ALD,0.0,,1
1EWD,0.0,,1
1EWE,0.0,,1
1EX5,0.0,,1
1J4E,0.0,,1
1ZAH,0.0,,1
1ZAI,0.0,,1
1ZAJ,0.0,,1
1ZAL,0.0,,1
2ALD,0.0,,1
2OT0,0.0,,3
2OT1,0.0,,3
2QUT,0.0,,3
2QUU,0.0,,4
2QUV,0.0,,3
3B8D,0.0,,1
3BV4,0.0,,1
3DFN,0.0,,3
3DFO,0.0,,3
3DFP,0.0,,3
3DFQ,0.0,,3
3DFS,0.0,,3
3DFT,0.0,,3
3LGE,0.0,,3
3TU9,0.0,,3
4ALD,0.0,,1
5F4X,0.0,,1
5KY6,0.0,,4
5TLE,0.0,,3
5TLH,0.0,,4
5TLW,0.0,,2
5TLZ,0.0,,3
5VY5,0.0,,1
6ALD,0.0,,1
1AON,0.904,1SVT,2
1GR5,0.872,1SVT,1
1GRL,0.898,1SVT,1
1GRU,0.904,1SVT,2
1KP8,0.899,1SVT,1
1MNF,0.904,1SVT,2
1OEL,0.897,1SVT,1
1PF9,0.904,1SVT,2
1SS8,0.901,1SVT,1
1SX3,0.902,1SVT,1
1SX4,0.904,1SVT,2
1XCK,0.904,1SVT,1
2C7C,0.904,1SVT,3
2C7D,0.904,1SVT,3
2CGT,0.904,1SVT,3
2EU1,0.903,1SVT,1
2NWC,0.904,1SVT,1
2YEY,0.903,1SVT,1
2YNJ,0.904,1SVT,1
3C9V,0.904,1SVT,1
3CAU,0.898,1SVT,1
3E76,0.904,1SVT,1
3WVL,0.899,1SVT,2
3ZPZ,0.904,1SVT,2
3ZQ0,0.904,1SVT,2
3ZQ1,0.904,1SVT,2
4HEL,0.904,1SVT,1
4KI8,0.899,1SVT,1
4WGL,0.899,1SVT,1
4WSC,0.902,1SVT,1
5W0S,0.901,1SVT,1
2A8C,1.0,3E2A,4
2A8D,1.0,3E2A,4
3E1V,0.996,3E2A,1
3E1W,0.996,3E2A,1
3E24,0.993,3E2A,2
3E28,0.959,3E2A,2
3E2X,0.997,3E2A,2
3E31,0.999,3E2A,2
3E3G,0.921,3E2A,1
3MF3,0.999,3E2A,2
4WAJ,0.99,3E2A,2
4WAK,0.95,3E2A,2
4WAM,0.938,3E2A,2
1DGK,0.964,1CZA,1
1HKC,0.968,1CZA,1
4F9O,0.968,1CZA,1
4FOE,0.968,1CZA,1
4FOI,0.967,1CZA,1
4FPA,0.967,1CZA,1
4FPB,0.968,1CZA,1
1LLD,0.464,5NQB,1
1LTH,0.464,5NQB,1
1LDB,0.871,1LDN,1
2P2D,0.946,2P2N,4
1DO8,0.908,1PJ2,1
1EFK,0.908,1PJ2,1
1EFL,0.908,1PJ2,1
1PJL,0.908,1PJ2,1
1QR6,0.908,1PJ2,1
1OE9,0.454,1NWD,2
1W7I,0.476,1NWD,2
1W7J,0.481,1NWD,2
2BKH,0.86,1NWD,2
2BKI,0.937,1NWD,3
2DFS,0.942,1NWD,3
2VAS,0.892,1NWD,2
2VB6,0.92,1NWD,2
2X51,0.922,1NWD,2
4ANJ,0.794,1NWD,2
4BYF,0.933,1NWD,4
4DBP,0.871,1NWD,2
4L79,0.934,1NWD,2
4PJJ,0.918,1NWD,2
4ZLK,0.882,1NWD,2
5I0I,0.953,1NWD,5
1D6S,0.93,1FCJ,1
1OAS,0.933,1FCJ,1
5J43,0.914,1FCJ,3
5J5V,0.914,1FCJ,4
1DXH,0.183,3HO8,1
1ORT,0.183,3HO8,1
1PHZ,0.924,5FII,1
2PHM,0.924,5FII,1
5DEN,0.922,5FII,4
5EGQ,0.921,5FII,4
5FGJ,0.926,5FII,4
2NXW,0.917,2Q5O,2
2Q5J,0.921,2Q5O,2
2Q5L,0.926,2Q5O,2
3N1C,0.923,3CQD,2
3UMP,0.923,3CQD,2
3UQD,0.923,3CQD,2
3UQE,0.906,3CQD,2
1YGY,0.903,3DC2,1
3DDN,0.903,3DC2,2
1SC6,0.834,2P9C,4
1YBA,0.899,2P9C,1
2P9E,0.926,2P9C,3
1PVD,0.917,2VK1,1
1PYD,0.917,2VK1,1
1QPB,0.958,2VK1,1
2W93,0.957,2VK1,3
1JM6,0.866,2BU2,2
2BTZ,0.904,2BU2,1
3CRK,0.897,2BU2,4
3CRL,0.934,2BU2,3
4MP2,0.908,2BU2,1
4MP7,0.912,2BU2,1
4MPC,0.912,2BU2,1
4MPE,0.912,2BU2,1
4MPN,0.912,2BU2,1
4V25,0.905,2BU2,1
4V26,0.903,2BU2,1
5J6A,0.878,2BU2,1
5J71,0.835,2BU2,1
5M4K,0.881,2BU2,1
5M4M,0.907,2BU2,1
5M4N,0.882,2BU2,1
5M4P,0.903,2BU2,1
1A3X,0.918,1A3W,1
1ZJH,0.956,3H6O,1
3BJT,0.935,3H6O,1
3G2G,0.931,3H6O,4
3ME3,0.956,3H6O,4
3SRD,0.949,3H6O,4
3SRH,0.955,3H6O,1
3U2Z,0.956,3H6O,4
4FXJ,0.954,3H6O,4
4JPG,0.955,3H6O,4
4QG6,0.944,3H6O,3
4QG8,0.946,3H6O,4
4QG9,0.938,3H6O,4
4QGC,0.94,3H6O,4
4RPP,0.755,3H6O,4
4WJ8,0.951,3H6O,3
4YJ5,0.953,3H6O,1
5X1V,0.955,3H6O,4
5X1W,0.955,3H6O,3
4IMA,0.914,4IP7,4
1A49,0.95,3N25,1
1A5U,0.95,3N25,1
1AQF,0.95,3N25,2
1F3W,0.95,3N25,1
1F3X,0.949,3N25,1
1PKM,0.928,3N25,1
1PKN,0.927,3N25,1
3SRF,0.924,3N25,2
1R1R,0.967,4R1R,2
1RLR,0.965,4R1R,1
2XAK,0.954,4R1R,2
2XAP,0.954,4R1R,2
2XAV,0.953,4R1R,2
2XAX,0.952,4R1R,3
2XAY,0.952,4R1R,3
2XAZ,0.952,4R1R,3
4ERM,0.969,4R1R,7
4ERP,0.968,4R1R,4
5R1R,0.966,4R1R,2
6R1R,0.966,4R1R,2
7R1R,0.967,4R1R,2
1PEM,0.96,2BQ1,1
1IWO,0.193,2XTA,1
1KJU,0.193,2XTA,1
1SU4,0.193,2XTA,1
1T5S,0.193,2XTA,1
1T5T,0.193,2XTA,1
1VFP,0.193,2XTA,1
1WPG,0.193,2XTA,1
1XP5,0.193,2XTA,1
2AGV,0.193,2XTA,1
2BY4,0.193,2XTA,1
2C88,0.193,2XTA,1
2C8K,0.193,2XTA,1
2C8L,0.193,2XTA,1
2C9M,0.193,2XTA,1
2DQS,0.193,2XTA,1
2EAR,0.193,2XTA,1
2EAT,0.193,2XTA,1
2EAU,0.193,2XTA,1
2O9J,0.193,2XTA,1
2OA0,0.193,2XTA,1
2YFY,0.193,2XTA,1
2ZBD,0.193,2XTA,1
2ZBE,0.193,2XTA,1
2ZBF,0.193,2XTA,1
2ZBG,0.193,2XTA,1
3AR2,0.193,2XTA,1
3AR3,0.193,2XTA,1
3AR4,0.193,2XTA,1
3AR5,0.193,2XTA,1
3AR6,0.193,2XTA,1
3AR7,0.193,2XTA,1
3AR8,0.193,2XTA,1
3AR9,0.193,2XTA,1
3B9B,0.193,2XTA,1
3B9R,0.193,2XTA,1
3BA6,0.193,2XTA,1
3FGO,0.193,2XTA,1
3FPB,0.193,2XTA,1
3FPS,0.193,2XTA,1
3J7T,0.193,2XTA,1
3N5K,0.193,2XTA,1
3N8G,0.193,2XTA,1
3NAL,0.193,2XTA,1
3NAM,0.193,2XTA,1
3NAN,0.193,2XTA,1
3TLM,0.186,2XTA,1
3W5A,0.193,2XTA,2
3W5B,0.193,2XTA,1
3W5C,0.193,2XTA,1
3W5D,0.193,2XTA,1
4BEW,0.193,2XTA,1
4H1W,0.193,2XTA,2
4J2T,0.193,2XTA,1
4KYT,0.189,2XTA,2
4NAB,0.166,1SVT,1
4UU0,0.193,2XTA,1
4UU1,0.193,2XTA,1
4XOU,0.193,2XTA,1
4Y3U,0.189,2XTA,2
4YCL,0.193,2XTA,1
4YCM,0.193,2XTA,1
4YCN,0.193,2XTA,1
5A3Q,0.193,2XTA,1
5A3R,0.193,2XTA,1
5A3S,0.193,2XTA,1
5XA7,0.193,2XTA,1
5XA8,0.193,2XTA,1
5XA9,0.193,2XTA,1
5XAA,0.193,2XTA,1
5XAB,0.193,2XTA,1
1XTT,0.932,3G6W,2
1XTV,0.932,3G6W,1
11BA,0.991,11BG,1
1BSR,0.991,11BG,1
1N1X,0.904,11BG,1
1N3Z,0.904,11BG,1
1R3M,0.97,11BG,1
1R5C,0.991,11BG,1
1R5D,0.991,11BG,1
1TQ9,0.951,11BG,1
1Y92,0.966,11BG,2
1Y94,0.948,11BG,1
2LFJ,0.985,11BG,1
3BCM,0.931,11BG,1
3BCO,0.958,11BG,1
3BCP,0.919,11BG,1
3DJO,0.991,11BG,1
3DJP,0.991,11BG,1
3DJQ,0.991,11BG,1
3DJV,0.991,11BG,1
3DJX,0.991,11BG,1
4N4C,0.916,11BG,1
1FPU,1.0,3K5V,2
1IEP,1.0,3K5V,1
1M52,0.999,3K5V,2
1OPJ,0.994,3K5V,2
1OPK,0.993,3K5V,1
2E2B,0.96,5MO4,2
2F4J,0.986,5MO4,1
2FO0,0.99,5MO4,1
2G1T,1.0,5MO4,5
2G2F,0.99,5MO4,2
2G2H,0.992,5MO4,1
2G2I,0.976,5MO4,2
2GQG,0.993,5MO4,2
2HIW,0.995,5MO4,1
2HYY,0.996,5MO4,4
2HZ0,1.0,5MO4,2
2HZ4,0.97,5MO4,3
2HZI,1.0,5MO4,2
2HZN,0.971,3K5V,1
2QOH,0.983,3K5V,2
2V7A,0.983,5MO4,2
2Z60,0.977,3K5V,1
3CS9,0.98,5MO4,4
3IK3,0.993,3K5V,2
3KF4,0.986,3K5V,2
3KFA,0.997,3K5V,1
3MS9,0.989,3K5V,2
3MSS,0.966,3K5V,1
3OXZ,0.926,3K5V,1
3OY3,0.994,3K5V,1
3QRI,1.0,5MO4,2
3QRJ,0.999,5MO4,2
3QRK,1.0,5MO4,1
3UE4,0.999,5MO4,2
4TWP,0.994,5MO4,2
4WA9,0.992,5MO4,2
4XEY,0.974,5MO4,2
4YC8,0.963,5MO4,2
4ZOG,0.998,5MO4,2
5HU9,0.973,5MO4,1
1A9U,0.979,3HV5,1
1BL6,0.979,3HV5,1
1BL7,0.979,3HV5,1
1BMK,0.973,3HV5,1
1DI9,0.979,3HV5,1
1IAN,0.912,3HV5,1
1LEW,0.941,3HV5,2
1LEZ,0.949,3HV5,1
1M7Q,0.979,3HV5,1
1OUK,0.979,3HV5,1
1OUY,0.98,3HV5,1
1OVE,0.975,3HV5,1
1OZ1,0.963,3HV5,1
1R39,0.965,3HV5,1
1R3C,0.975,3HV5,1
1W7H,0.979,3HV5,1
1W84,0.979,3HV5,1
1WBO,0.979,3HV5,1
1WBW,0.979,3HV5,1
1WFC,0.95,3HV5,1
1YQJ,0.977,3HV5,1
1YW2,0.937,3HV5,1
1YWR,0.937,3HV5,1
1ZYJ,0.921,3HV5,1
1ZZ2,0.942,3HV5,1
1ZZL,0.979,3HV5,1
2BAL,0.933,3HV5,1
2BAQ,0.908,3HV5,1
2EWA,0.906,3HV5,1
2FSL,0.903,3HV5,1
2FSM,0.892,3HV5,1
2FSO,0.893,3HV5,1
2FST,0.891,3HV5,1
2GFS,0.966,3HV5,1
2GHL,0.92,3HV5,1
2GHM,0.929,3HV5,1
2GTM,0.943,3HV5,1
2GTN,0.936,3HV5,1
2I0H,0.975,3HV5,1
2LGC,0.977,3HV5,1
2NPQ,0.897,3HV5,1
2OKR,0.944,3HV5,3
2ONL,0.944,3HV5,4
2OZA,0.946,3HV5,2
2PUU,0.902,3HV5,1
2QD9,0.911,3HV5,1
2RG5,0.924,3HV5,1
2RG6,0.926,3HV5,1
2Y8O,0.937,3HV5,1
2YIS,0.897,3HV5,1
2YIW,0.897,3HV5,1
2YIX,0.979,3HV5,1
2ZAZ,0.963,3HV5,1
2ZB0,0.98,3HV5,1
2ZB1,0.96,3HV5,1
3BV2,0.944,3HV5,1
3BV3,0.948,3HV5,1
3BX5,0.947,3HV5,1
3C5U,0.942,3HV5,1
3CTQ,0.925,3HV5,1
3D7Z,0.97,3HV5,1
3DS6,0.98,3HV5,2
3DT1,0.977,3HV5,1
3E92,0.962,3HV5,1
3FC1,0.921,3HV5,1
3FI4,0.939,3HV5,1
3FKL,0.959,3HV5,1
3FKN,0.968,3HV5,1
3FKO,0.954,3HV5,1
3FL4,0.936,3HV5,1
3FLN,0.946,3HV5,1
3FLQ,0.963,3HV5,1
3FLS,0.953,3HV5,1
3FLW,0.961,3HV5,1
3FLY,0.971,3HV5,1
3FLZ,0.971,3HV5,1
3FMH,0.971,3HV5,1
3FMJ,0.958,3HV5,1
3FMK,0.966,3HV5,1
3FML,0.947,3HV5,1
3FMM,0.966,3HV5,1
3FMN,0.946,3HV5,1
3FSF,0.948,3HV5,1
3FSK,0.959,3HV5,1
3GC7,0.975,3HV5,1
3GCP,0.926,3HV5,1
3GFE,0.977,3HV5,1
3HA8,0.955,3HV5,1
3HL7,0.943,3HV5,1
3HLL,0.943,3HV5,1
3HP2,0.942,3HV5,1
3HP5,0.919,3HV5,1
3HRB,0.959,3HV5,1
3HUB,0.922,3HV5,1
3HUC,0.938,3HV5,1
3HVC,0.902,3HV5,1
3IPH,0.952,3HV5,1
3ITZ,0.978,3HV5,1
3IW5,0.916,3HV5,1
3IW6,0.918,3HV5,1
3IW7,0.915,3HV5,1
3KF7,0.943,3HV5,1
3L8S,0.908,3HV5,1
3L8X,0.884,3HV5,1
3LFA,0.919,3HV5,1
3LFC,0.906,3HV5,1
3LFF,0.925,3HV5,1
3LHJ,0.955,3HV5,1
3MGY,0.914,3HV5,1
3MH0,0.918,3HV5,1
3MH1,0.937,3HV5,1
3MH2,0.917,3HV5,1
3MH3,0.924,3HV5,1
3MPA,0.916,3HV5,1
3MPT,0.971,3HV5,1
3MVL,0.948,3HV5,1
3MVM,0.929,3HV5,2
3MW1,0.947,3HV5,1
3NWW,0.948,3HV5,1
3OBG,0.918,3HV5,1
3OCG,0.937,3HV5,1
3OD6,0.955,3HV5,1
3ODY,0.877,3HV5,1
3ODZ,0.919,3HV5,1
3OEF,0.925,3HV5,1
3P4K,0.932,3HV5,2
3P5K,0.916,3HV5,1
3P78,0.916,3HV5,1
3P79,0.916,3HV5,1
3P7A,0.916,3HV5,1
3P7B,0.916,3HV5,1
3P7C,0.916,3HV5,1
3PY3,0.958,3HV5,1
3QUD,0.957,3HV5,1
3QUE,0.958,3HV5,1
3RIN,0.98,3HV5,1
3ROC,0.943,3HV5,1
3S3I,0.98,3HV5,1
3S4Q,0.887,3HV5,1
3TG1,0.927,3HV5,2
3U8W,0.98,3HV5,1
3UVP,0.928,3HV5,1
3UVQ,0.923,3HV5,1
3UVR,0.921,3HV5,1
3ZS5,0.938,3HV5,1
3ZSG,0.939,3HV5,1
3ZSH,0.916,3HV5,1
3ZSI,0.903,3HV5,1
3ZYA,0.938,3HV5,1
4AA4,0.962,3HV5,1
4AA5,0.94,3HV5,1
4AAC,0.958,3HV5,1
4DLI,0.916,3HV5,1
4DLJ,0.922,3HV5,1
4E5A,0.907,3HV5,1
4E5B,0.888,3HV5,1
4EH2,0.927,3HV5,1
4EH3,0.933,3HV5,1
4EH4,0.921,3HV5,1
4EH5,0.899,3HV5,1
4EH6,0.922,3HV5,1
4EH7,0.927,3HV5,1
4EH8,0.924,3HV5,1
4EHV,0.943,3HV5,1
4EWQ,0.963,3HV5,1
4F9W,0.94,3HV5,1
4F9Y,0.945,3HV5,1
4FA2,0.942,3HV5,1
4GEO,0.882,3HV5,1
4KA3,0.935,3HV5,1
4KIN,0.951,3HV5,4
4KIP,0.945,3HV5,2
4KIQ,0.941,3HV5,1
4L8M,0.942,3HV5,1
4LOO,0.975,3HV5,2
4LOP,0.974,3HV5,6
4LOQ,0.973,3HV5,6
4R3C,0.925,3HV5,1
4TYH,0.925,3HV5,2
4ZTH,0.942,3HV5,1
5LAR,0.974,3HV5,1
5ML5,0.9,3HV5,1
5MTX,0.915,3HV5,1
5MTY,0.911,3HV5,1
5MZ3,0.975,3HV5,1
5N63,0.894,3HV5,1
5N64,0.901,3HV5,1
5N65,0.93,3HV5,1
5N66,0.922,3HV5,1
5N67,0.899,3HV5,1
5N68,0.905,3HV5,1
5O8U,0.917,3HV5,1
5O8V,0.896,3HV5,1
5TBE,0.917,3HV5,1
5TCO,0.906,3HV5,1
5UOJ,0.952,3HV5,1
2JFX,0.942,2JFZ,2
2JFY,0.97,2JFZ,1
2PFK,0.958,1PFK,1
2XYN,0.994,3GVU,2
3HMI,1.0,3GVU,1
4XLI,0.98,3GVU,2
1B4E,0.409,2C16,1
1I8J,0.406,2C16,1
1L6S,0.405,2C16,1
1L6Y,0.405,2C16,1
5MHB,0.406,2C16,1
1BOZ,0.245,5W3Q,1
1DHF,0.248,5W3Q,1
1DLR,0.247,5W3Q,1
1DLS,0.246,5W3Q,1
1DRF,0.248,5W3Q,1
1HFP,0.245,5W3Q,1
1HFQ,0.246,5W3Q,1
1HFR,0.248,5W3Q,1
1KMS,0.248,5W3Q,1
1KMV,0.248,5W3Q,1
1MVS,0.248,5W3Q,1
1MVT,0.248,5W3Q,1
1OHJ,0.248,5W3Q,1
1OHK,0.248,5W3Q,1
1PD8,0.248,5W3Q,1
1PD9,0.248,5W3Q,1
1PDB,0.248,5W3Q,1
1S3U,0.248,5W3Q,1
1S3V,0.248,5W3Q,1
1S3W,0.248,5W3Q,1
1U71,0.248,5W3Q,1
1U72,0.248,5W3Q,1
2C2S,0.248,5W3Q,1
2C2T,0.248,5W3Q,1
2DHF,0.248,5W3Q,1
2W3A,0.248,5W3Q,1
2W3B,0.248,5W3Q,2
2W3M,0.248,5W3Q,1
3EIG,0.247,5W3Q,1
3F8Y,0.252,5W3Q,1
3F8Z,0.246,5W3Q,1
3F91,0.244,5W3Q,1
3FS6,0.248,5W3Q,1
3GHC,0.246,5W3Q,1
3GHV,0.248,5W3Q,1
3GHW,0.248,5W3Q,1
3GI2,0.252,5W3Q,1
3GYF,0.248,5W3Q,1
3L3R,0.252,5W3Q,1
3N0H,0.244,5W3Q,1
3NTZ,0.248,5W3Q,1
3NU0,0.248,5W3Q,1
3NXO,0.249,5W3Q,1
3NXR,0.248,5W3Q,1
3NXT,0.248,5W3Q,1
3NXV,0.248,5W3Q,1
3NXX,0.248,5W3Q,1
3NXY,0.248,5W3Q,1
3NZD,0.248,5W3Q,1
3OAF,0.244,5W3Q,1
3S3V,0.248,5W3Q,1
3S7A,0.248,5W3Q,1
4DDR,0.248,5W3Q,1
4G95,0.248,5W3Q,1
4KAK,0.248,5W3Q,1
4KBN,0.248,5W3Q,1
4KD7,0.248,5W3Q,1
4KEB,0.248,5W3Q,1
4KFJ,0.248,5W3Q,1
4M6J,0.248,5W3Q,1
4M6K,0.248,5W3Q,1
4M6L,0.248,5W3Q,1
4QHV,0.248,5W3Q,1
4QJC,0.248,5W3Q,1
5HPB,0.248,5W3Q,1
5HQY,0.248,5W3Q,1
5HQZ,0.248,5W3Q,1
5HSR,0.248,5W3Q,1
5HSU,0.248,5W3Q,1
5HT4,0.248,5W3Q,1
5HT5,0.248,5W3Q,1
5HUI,0.248,5W3Q,1
5HVB,0.248,5W3Q,1
5HVE,0.248,5W3Q,1
1DDR,1.0,5W3Q,1
1DDS,1.0,5W3Q,1
1DHI,0.991,5W3Q,1
1DHJ,0.982,5W3Q,1
1DRA,0.992,5W3Q,1
1DRB,0.988,5W3Q,1
1DRE,0.997,5W3Q,1
1DRH,0.997,5W3Q,1
1DYH,0.997,5W3Q,1
1DYI,0.997,5W3Q,1
1DYJ,0.997,5W3Q,1
1JOL,0.997,5W3Q,1
1JOM,0.997,5W3Q,1
1RA1,0.997,5W3Q,1
1RA2,0.997,5W3Q,1
1RA3,0.997,5W3Q,1
1RA8,0.997,5W3Q,1
1RA9,0.997,5W3Q,1
1RB2,0.997,5W3Q,1
1RB3,0.997,5W3Q,1
1RC4,0.997,5W3Q,1
1RD7,0.997,5W3Q,1
1RE7,0.997,5W3Q,1
1RF7,0.997,5W3Q,1
1RG7,0.997,5W3Q,1
1RH3,0.997,5W3Q,1
1RX1,0.997,5W3Q,1
1RX2,0.997,5W3Q,1
1RX3,0.997,5W3Q,1
1RX4,0.997,5W3Q,1
1RX5,0.997,5W3Q,1
1RX6,0.997,5W3Q,1
1RX7,0.997,5W3Q,1
1RX8,0.997,5W3Q,1
1RX9,0.997,5W3Q,1
1TDR,0.995,5W3Q,1
2ANO,0.997,5W3Q,1
2ANQ,0.997,5W3Q,1
2DRC,0.985,5W3Q,1
2INQ,0.997,5W3Q,1
3DAU,1.0,5W3Q,1
3DRC,0.997,5W3Q,1
3K74,1.0,5W3Q,2
3KFY,0.997,5W3Q,1
3OCH,0.997,5W3Q,1
3QL0,0.973,5W3Q,1
3QL3,0.997,5W3Q,1
3QYL,0.997,5W3Q,1
3QYO,0.997,5W3Q,1
3R33,0.997,5W3Q,1
4DFR,0.995,5W3Q,1
4EIG,1.0,5W3Q,2
4EIZ,1.0,5W3Q,2
4EJ1,1.0,5W3Q,2
4FHB,1.0,5W3Q,2
4I13,1.0,5W3Q,2
4I1N,1.0,5W3Q,2
4KJJ,1.0,5W3Q,1
4KJK,1.0,5W3Q,1
4KJL,0.973,5W3Q,1
4NX6,1.0,5W3Q,1
4NX7,1.0,5W3Q,1
4P3Q,1.0,5W3Q,1
4P3R,1.0,5W3Q,1
4P66,0.966,5W3Q,1
4P68,0.967,5W3Q,1
4PDJ,1.0,5W3Q,1
4PSS,0.985,5W3Q,1
4PST,0.985,5W3Q,1
4PSY,0.985,5W3Q,1
4PTH,0.985,5W3Q,1
4PTJ,0.985,5W3Q,1
4QLE,0.997,5W3Q,1
4QLF,0.973,5W3Q,1
4QLG,1.0,5W3Q,1
4RGC,0.985,5W3Q,1
4X5F,1.0,5W3Q,2
4X5G,1.0,5W3Q,2
4X5H,1.0,5W3Q,1
4X5I,1.0,5W3Q,1
4X5J,1.0,5W3Q,1
5CCC,1.0,5W3Q,1
5DFR,0.955,5W3Q,1
5E8Q,0.997,5W3Q,1
5EAJ,0.997,5W3Q,1
6DFR,0.955,5W3Q,1
7DFR,0.997,5W3Q,1
2G01,0.978,3O2M,3
2GMX,0.977,3O2M,3
2H96,0.978,3O2M,3
2NO3,0.978,3O2M,3
3ELJ,0.949,3O2M,1
3O17,0.973,3O2M,2
3PZE,0.951,3O2M,1
4AWI,0.966,3O2M,1
4L7F,0.944,3O2M,1
4QTD,0.973,3O2M,1
4UX9,0.937,3O2M,6
1D0X,0.929,3BZ9,1
1D0Y,0.93,3BZ9,1
1D0Z,0.932,3BZ9,1
1D1A,0.939,3BZ9,1
1D1B,0.923,3BZ9,1
1D1C,0.934,3BZ9,1
1FMV,0.934,3BZ9,1
1FMW,0.926,3BZ9,1
1JWY,0.938,3BZ9,1
1JX2,0.938,3BZ9,1
1MMA,0.892,3BZ9,1
1W9I,0.886,3BZ9,1
1W9J,0.92,3BZ9,1
1W9K,0.903,3BZ9,1
1W9L,0.928,3BZ9,1
2AKA,0.961,3BZ9,2
2JJ9,0.963,3BZ9,1
2X9H,0.952,3BZ9,1
2Y0R,0.962,3BZ9,1
2Y8I,0.962,3BZ9,1
2Y9E,0.961,3BZ9,1
3MKD,0.962,3BZ9,1
3MNQ,0.938,3BZ9,1
3MYH,0.909,3BZ9,1
3MYK,0.902,3BZ9,1
3MYL,0.935,3BZ9,1
4AE3,0.956,3BZ9,1
1AQ8,0.997,1ZDQ,1
1AS6,0.996,1ZDQ,2
1AS7,0.993,1ZDQ,1
1AS8,0.993,1ZDQ,1
1ET5,0.99,1ZDQ,1
1ET7,0.988,1ZDQ,1
1ET8,0.989,1ZDQ,1
1J9Q,0.99,1ZDQ,1
1J9R,0.99,1ZDQ,1
1J9S,0.99,1ZDQ,1
1J9T,0.99,1ZDQ,1
1L9O,0.992,1ZDQ,1
1L9P,0.99,1ZDQ,1
1L9Q,0.993,1ZDQ,1
1L9R,0.992,1ZDQ,1
1L9S,0.992,1ZDQ,1
1L9T,0.993,1ZDQ,1
1NPJ,0.987,1ZDQ,1
1NPN,0.987,1ZDQ,1
1NTD,0.992,1ZDQ,1
1SJM,0.996,1ZDQ,2
1SNR,0.993,1ZDQ,2
2AFN,0.997,1ZDQ,1
2E86,0.993,1ZDQ,2
2FJS,0.993,1ZDQ,2
2PP7,0.993,1ZDQ,2
2PP8,0.993,1ZDQ,1
2PP9,0.993,1ZDQ,2
2PPA,0.993,1ZDQ,2
2PPC,0.993,1ZDQ,2
2PPD,0.987,1ZDQ,2
2PPE,0.987,1ZDQ,2
2PPF,0.99,1ZDQ,2
3H4F,0.992,1ZDQ,1
3H4H,0.984,1ZDQ,1
3H56,0.983,1ZDQ,1
4YSC,0.993,1ZDQ,2
4YSE,0.993,1ZDQ,1
5D4H,0.993,1ZDQ,3
5D4I,0.996,1ZDQ,2
5D4J,0.996,1ZDQ,2
5F7A,0.993,1ZDQ,2
5F7B,0.993,1ZDQ,2
2QF7,0.507,3HO8,2
3TW6,0.512,3HO8,2
3TW7,0.498,3HO8,2
4JX4,0.522,3HO8,4
4JX5,0.521,3HO8,4
4JX6,0.512,3HO8,4
4LOC,0.522,3HO8,4
4M6V,0.523,3HO8,4
4MFD,0.521,3HO8,2
4MFE,0.522,3HO8,3
4MIM,0.521,3HO8,4
1FAP,1.0,4FAP,2
1NSG,1.0,4FAP,2
2FAP,1.0,4FAP,2
2RSE,1.0,4FAP,2
1GJO,0.565,5FM2,1
1OEC,0.565,5FM2,1
2PSQ,0.569,5FM2,2
3B2T,0.554,5FM2,2
3RI1,0.562,5FM2,2
2FYT,0.969,4RYL,1
2PUW,0.909,2PUT,2
1BMQ,1.0,2FQQ,2
1IBC,1.0,2FQQ,2
1ICE,1.0,2FQQ,2
1RWK,1.0,2FQQ,2
1RWM,1.0,2FQQ,2
1RWN,1.0,2FQQ,2
1RWO,1.0,2FQQ,2
1RWP,1.0,2FQQ,2
1RWV,1.0,2FQQ,2
1RWW,1.0,2FQQ,2
1RWX,1.0,2FQQ,2
1SC1,1.0,2FQQ,2
1SC3,1.0,2FQQ,2
1SC4,0.975,2FQQ,2
2H48,0.98,2FQQ,2
2H4W,1.0,2FQQ,2
2H4Y,1.0,2FQQ,2
2H51,1.0,2FQQ,2
2H54,1.0,2FQQ,2
2HBQ,1.0,2FQQ,2
2HBR,1.0,2FQQ,2
2HBY,1.0,2FQQ,2
2HBZ,1.0,2FQQ,2
3D6F,1.0,2FQQ,2
3D6H,1.0,2FQQ,2
3D6M,1.0,2FQQ,2
3E4C,0.954,2FQQ,2
3NS7,1.0,2FQQ,2
1F1J,0.927,1SHJ,2
1I4O,0.938,1SHJ,3
1K86,0.927,1SHJ,1
1K88,0.93,1SHJ,2
3H1P,0.928,1SHJ,2
3R5K,0.936,1SHJ,2
4FDL,0.942,1SHJ,2
4HQ0,0.843,1SHJ,2
4HQR,0.925,1SHJ,2
4JJ8,0.934,1SHJ,1
4JR1,0.917,1SHJ,2
4JR2,0.937,1SHJ,2
1FMK,0.942,3EL8,1
1KSW,0.975,3EL8,1
1Y57,0.984,3EL8,1
1YI6,0.969,3EL8,1
1YOJ,0.817,3EL8,2
1YOL,0.89,3EL8,2
1YOM,0.913,3EL8,2
2BDF,0.941,3EL8,2
2BDJ,0.939,3EL8,1
2H8H,0.977,3EL8,1
2HWO,0.866,3EL8,2
2HWP,0.838,3EL8,2
2PTK,0.942,3EL8,1
2QI8,0.888,3EL8,2
2QLQ,0.875,3EL8,2
2QQ7,0.873,3EL8,2
2SRC,0.977,3EL8,1
3D7T,0.949,3EL8,2
3D7U,0.922,3EL8,3
3DQW,0.983,3EL8,3
3DQX,0.961,3EL8,2
3EL7,0.885,3EL8,1
3EN4,0.949,3EL8,2
3EN5,0.928,3EL8,2
3EN6,0.833,3EL8,2
3EN7,0.853,3EL8,2
3F6X,0.953,3EL8,4
3G5D,0.899,3EL8,2
3G6H,0.951,3EL8,2
3GEQ,0.935,3EL8,2
3LOK,0.86,3EL8,2
3OEZ,0.933,3EL8,2
3OF0,0.929,3EL8,2
3QLF,0.914,3EL8,2
3QLG,0.929,3EL8,2
3SVV,0.921,3EL8,2
3U4W,0.994,3EL8,1
3U51,0.924,3EL8,2
3UQF,0.932,3EL8,2
3UQG,0.942,3EL8,2
4DGG,0.929,3EL8,2
4FIC,0.871,3EL8,2
4K11,0.974,3EL8,1
4LGG,0.871,3EL8,2
4LGH,0.869,3EL8,2
4MCV,0.945,3EL8,2
4MXO,0.942,3EL8,2
4MXX,0.94,3EL8,2
4MXY,0.937,3EL8,2
4MXZ,0.937,3EL8,2
4O2P,0.937,3EL8,2
4U5J,0.957,3EL8,1
4YBJ,0.908,3EL8,2
4YBK,0.946,3EL8,1
5BMM,0.994,3EL8,1
5D10,0.867,3EL8,2
5D11,0.899,3EL8,2
5D12,0.914,3EL8,2
5K9I,0.94,3EL8,2
5SWH,0.923,3EL8,2
5SYS,0.923,3EL8,1
5T0P,0.939,3EL8,2
5TEH,0.93,3EL8,2
5XP7,0.948,3EL8,2
1BE3,0.328,4XZ2,11
1BGY,0.328,4XZ2,12
1L0L,0.687,5X7D,11
1L0N,0.328,4XZ2,11
1NTK,0.687,5X7D,11
1NTM,0.328,4XZ2,11
1NTZ,0.687,5X7D,11
1NU1,0.687,5X7D,11
1PP9,0.328,4XZ2,12
1PPJ,0.328,4XZ2,12
1QCR,0.492,5VYJ,11
1SQB,0.693,5X7D,11
1SQP,0.687,5X7D,11
1SQQ,0.328,4XZ2,11
1SQV,0.328,4XZ2,11
1SQX,0.687,5X7D,11
2A06,0.328,4XZ2,13
2FYU,0.687,5X7D,11
2YBB,0.655,3EPS,35
4D6T,0.328,4XZ2,19
4D6U,0.328,4XZ2,20
5KLV,0.472,3JVR,11
5LUF,0.655,3EPS,26
5NMI,0.328,4XZ2,15
1HQ6,0.349,3VEV,2
1IBT,0.242,3FZY,3
1IBU,0.324,3VEV,4
1IBV,0.0,,2
1IBW,0.0,,2
1PYA,0.0,,2
1THF,0.0,,1
2A0N,0.0,,1
5TQL,0.0,,1
2Y4I,0.852,4AN2,2
3EQD,0.876,4AN2,1
3EQF,0.875,4AN2,1
3EQI,0.876,4AN2,1
3MBL,0.868,4AN2,1
3W8Q,0.881,4AN2,1
3ZLS,0.876,4AN2,1
3ZLW,0.86,4AN2,1
3ZLX,0.862,4AN2,1
3ZLY,0.854,4AN2,1
3ZM4,0.853,4AN2,1
4U7Z,0.859,4AN2,1
4U80,0.852,4AN2,1
4U81,0.854,4AN2,1
5BX0,0.876,4AN2,1
5EYM,0.79,4AN2,1
5HZE,0.852,4AN2,1
5KKR,0.857,4AN2,2
1DPM,0.945,1QW7,1
1EYW,0.936,1QW7,1
1EZ2,0.937,1QW7,1
1HZY,0.944,1QW7,1
1I0B,0.945,1QW7,2
1I0D,0.945,1QW7,2
1JGM,0.937,1QW7,2
1P6B,0.925,1QW7,2
1P6C,0.924,1QW7,2
1PSC,0.945,1QW7,2
1PTA,0.912,1QW7,1
2O4M,0.927,1QW7,2
2O4Q,0.935,1QW7,2
2OB3,0.93,1QW7,1
2OQL,0.928,1QW7,2
3CAK,0.936,1QW7,1
3CS2,0.935,1QW7,2
3E3H,0.926,1QW7,1
3UPM,0.923,1QW7,2
3UR2,0.918,1QW7,2
3UR5,0.931,1QW7,2
3URA,0.916,1QW7,2
3URB,0.89,1QW7,2
3URN,0.916,1QW7,1
3URQ,0.909,1QW7,2
4PCP,0.923,1QW7,2
4XAF,0.919,1QW7,2
4XD4,0.91,1QW7,1
4XD5,0.916,1QW7,2
4XD6,0.912,1QW7,2
4ZST,0.915,1QW7,1
4ZSU,0.915,1QW7,1
1A5Y,0.963,6B95,1
1AAX,0.978,6B95,1
1BZC,0.979,6B95,1
1BZH,0.979,6B95,1
1BZJ,0.983,6B95,1
1C83,0.98,6B95,1
1C84,0.98,6B95,1
1C85,0.98,6B95,1
1C86,0.974,6B95,1
1C87,0.98,6B95,1
1C88,0.98,6B95,1
1ECV,0.98,6B95,1
1EEN,0.977,6B95,1
1EEO,0.978,6B95,1
1G1F,0.978,6B95,1
1G1G,0.978,6B95,1
1G1H,0.978,6B95,1
1G7F,0.982,6B95,1
1G7G,0.983,6B95,1
1GFY,0.966,6B95,1
1I57,0.977,6B95,1
1JF7,0.982,6B95,1
1KAK,0.983,6B95,1
1KAV,0.983,6B95,1
1L8G,0.98,6B95,1
1LQF,0.983,6B95,1
1NL9,0.983,6B95,1
1NNY,0.983,6B95,1
1NO6,0.983,6B95,1
1NWE,0.968,6B95,1
1NWL,0.967,6B95,1
1NZ7,0.983,6B95,1
1OEM,0.982,6B95,1
1OEO,0.97,6B95,1
1OES,0.983,6B95,1
1OET,0.97,6B95,1
1OEU,0.97,6B95,1
1OEV,0.97,6B95,1
1ONY,0.983,6B95,1
1ONZ,0.983,6B95,1
1PA1,0.977,6B95,1
1PH0,0.983,6B95,1
1PTT,0.976,6B95,1
1PTU,0.976,6B95,1
1PTV,0.975,6B95,1
1PTY,0.977,6B95,1
1PXH,0.983,6B95,1
1PYN,0.983,6B95,1
1Q1M,0.982,6B95,1
1Q6J,0.974,6B95,1
1Q6M,0.974,6B95,1
1Q6N,0.982,6B95,1
1Q6P,0.983,6B95,1
1Q6S,0.982,6B95,1
1Q6T,0.982,6B95,1
1QXK,0.983,6B95,1
1SUG,0.982,6B95,1
1WAX,0.982,6B95,1
1XBO,0.982,6B95,1
2AZR,0.983,6B95,1
2B07,0.983,6B95,1
2B4S,0.97,6B95,3
2BGD,0.967,6B95,1
2BGE,0.983,6B95,1
2CM2,0.983,6B95,1
2CM3,0.985,6B95,1
2CM7,0.983,6B95,1
2CM8,0.982,6B95,1
2CMA,0.983,6B95,1
2CMB,0.981,6B95,1
2CMC,0.982,6B95,1
2CNE,0.981,6B95,1
2CNF,0.983,6B95,1
2CNG,0.983,6B95,1
2CNH,0.983,6B95,1
2CNI,0.982,6B95,1
2F6F,0.98,6B95,1
2F6T,0.983,6B95,1
2F6V,0.983,6B95,1
2F6W,0.983,6B95,1
2F6Y,0.983,6B95,1
2F6Z,0.983,6B95,1
2F70,0.983,6B95,1
2F71,0.983,6B95,1
2FJM,0.964,6B95,1
2FJN,0.982,6B95,1
2H4G,0.983,6B95,1
2H4K,0.983,6B95,1
2HB1,0.983,6B95,1
2HNP,0.984,6B95,1
2HNQ,0.984,6B95,1
2NT7,0.982,6B95,1
2NTA,0.982,6B95,1
2QBP,0.983,6B95,1
2QBQ,0.983,6B95,1
2QBR,0.982,6B95,1
2QBS,0.983,6B95,1
2VEU,0.983,6B95,1
2VEV,0.982,6B95,1
2VEW,0.983,6B95,1
2VEX,0.983,6B95,1
2VEY,0.983,6B95,1
2ZMM,0.983,6B95,1
2ZN7,0.983,6B95,1
3A5J,0.982,6B95,1
3A5K,0.976,6B95,1
3CWE,0.963,6B95,1
3D9C,0.983,6B95,1
3EAX,0.983,6B95,1
3EB1,0.983,6B95,1
3EU0,0.97,6B95,1
3I7Z,0.983,6B95,1
3I80,0.982,6B95,1
3QKP,0.977,6B95,1
3QKQ,0.976,6B95,1
3SME,0.982,6B95,1
3ZMP,0.961,6B95,2
3ZMQ,0.906,6B95,1
3ZV2,0.975,6B95,1
4BJO,0.983,6B95,2
4I8N,0.982,6B95,1
4QAH,0.978,6B95,1
4QAP,0.979,6B95,1
4QBE,0.981,6B95,1
4QBW,0.982,6B95,1
4Y14,0.962,6B95,2
4ZRT,0.978,6B95,1
5K9V,0.983,6B95,1
5K9W,0.983,6B95,1
5KA0,0.981,6B95,1
5KA1,0.982,6B95,1
5KA2,0.969,6B95,1
5KA3,0.973,6B95,1
5KA4,0.978,6B95,1
5KA7,0.98,6B95,1
5KA8,0.98,6B95,1
5KA9,0.981,6B95,1
5KAA,0.976,6B95,1
5KAB,0.977,6B95,1
5KAC,0.978,6B95,1
5KAD,0.976,6B95,2
1HVY,0.994,4FGT,1
1HW3,0.877,4FGT,1
1HW4,0.89,4FGT,1
1HZW,1.0,4FGT,2
1I00,1.0,4FGT,1
1JU6,0.999,4FGT,1
1JUJ,0.999,4FGT,1
1YPV,0.877,4FGT,1
2RD8,1.0,4FGT,2
2RDA,1.0,4FGT,2
3EAW,0.885,4FGT,1
3EBU,0.875,4FGT,1
3ED7,0.985,4FGT,1
3EDW,0.908,4FGT,1
3EF9,0.927,4FGT,1
3EGY,0.769,4FGT,1
3EHI,0.932,4FGT,1
3EJL,1.0,4FGT,1
3GG5,1.0,4FGT,2
3GH0,0.986,4FGT,1
3GH2,0.948,4FGT,1
3H9K,1.0,4FGT,2
3HB8,1.0,4FGT,1
3N5E,0.902,4FGT,2
3N5G,0.878,4FGT,1
3OB7,1.0,4FGT,2
4E28,0.849,4FGT,1
4G2O,0.932,4FGT,1
4G6W,0.922,4FGT,1
4GD7,0.925,4FGT,1
4GYH,0.924,4FGT,1
4H1I,1.0,4FGT,1
4JEF,0.832,4FGT,1
4KPW,0.875,4FGT,1
4O1U,0.866,4FGT,2
4O1X,0.968,4FGT,3
4UP1,1.0,4FGT,2
5HS3,1.0,4FGT,3
5WRN,1.0,4FGT,5
5X4W,0.963,4FGT,1
5X4X,0.962,4FGT,1
5X4Y,0.97,4FGT,1
5X5A,1.0,4FGT,3
5X5D,1.0,4FGT,5
5X5Q,1.0,4FGT,5
5X66,1.0,4FGT,2
5X67,1.0,4FGT,2
1MQ4,0.968,5ORT,1
1MUO,0.938,5ORT,1
1OL5,0.965,5ORT,2
1OL6,0.894,5ORT,1
1OL7,0.969,5ORT,1
2BMC,0.931,5ORT,4
2C6D,0.938,5ORT,1
2C6E,0.929,5ORT,2
2DWB,0.941,5ORT,1
2J4Z,0.985,5ORT,2
2J50,0.921,5ORT,1
2NP8,0.95,5ORT,1
2W1C,0.968,5ORT,1
2W1D,0.921,5ORT,1
2W1E,0.931,5ORT,1
2W1F,0.937,5ORT,1
2W1G,0.94,5ORT,1
2WQE,0.877,5ORT,1
2WTV,0.949,5ORT,2
2WTW,0.945,5ORT,1
2X6D,0.94,5ORT,1
2X6E,0.914,5ORT,1
2X81,0.887,5ORT,1
2XNE,0.914,5ORT,1
2XNG,0.937,5ORT,1
2XRU,0.938,5ORT,1
3COH,0.908,5ORT,1
3E5A,0.972,5ORT,2
3EFW,0.877,5ORT,2
3FDN,0.95,5ORT,1
3H0Y,0.924,5ORT,1
3H0Z,0.924,5ORT,3
3H10,0.976,5ORT,3
3HA6,0.967,5ORT,2
3K5U,0.947,5ORT,1
3LAU,0.904,5ORT,1
3M11,0.938,5ORT,1
3MYG,0.933,5ORT,1
3NRM,0.976,5ORT,1
3O50,0.907,5ORT,2
3O51,0.904,5ORT,1
3P9J,0.911,5ORT,1
3QBN,0.915,5ORT,1
3R21,0.942,5ORT,1
3R22,0.941,5ORT,1
3UNZ,0.98,5ORT,1
3UO4,0.977,5ORT,1
3UO5,0.978,5ORT,1
3UO6,0.98,5ORT,1
3UOD,0.977,5ORT,1
3UOH,0.98,5ORT,1
3UOJ,0.98,5ORT,1
3UOK,0.979,5ORT,1
3UOL,0.98,5ORT,1
3UP2,0.977,5ORT,1
3UP7,0.977,5ORT,1
3VAP,0.925,5ORT,1
3W10,0.976,5ORT,1
3W16,0.911,5ORT,1
3W18,0.861,5ORT,2
3W2C,0.717,5ORT,2
4B0G,0.89,5ORT,1
4BN1,0.966,5ORT,1
4BYI,0.94,5ORT,1
4BYJ,0.904,5ORT,1
4C3P,0.982,5ORT,4
4C3R,0.937,5ORT,1
4CEG,0.967,5ORT,1
4DEA,0.977,5ORT,1
4DEB,0.979,5ORT,1
4DED,0.977,5ORT,1
4DEE,0.98,5ORT,1
4DHF,0.962,5ORT,1
4J8M,0.967,5ORT,1
4J8N,0.98,5ORT,2
4JAI,0.91,5ORT,1
4JAJ,0.982,5ORT,1
4JBO,0.98,5ORT,1
4JBP,0.938,5ORT,1
4JBQ,0.944,5ORT,1
4O0S,0.972,5ORT,1
4O0U,0.946,5ORT,1
4O0W,0.943,5ORT,1
4PRJ,0.911,5ORT,1
4UTD,0.986,5ORT,1
4UYN,0.895,5ORT,1
4UZD,0.949,5ORT,2
4UZH,0.904,5ORT,1
4ZS0,0.954,5ORT,1
4ZTQ,0.906,5ORT,1
4ZTR,0.925,5ORT,1
4ZTS,0.924,5ORT,1
5AAD,0.936,5ORT,1
5AAE,0.931,5ORT,1
5AAF,0.94,5ORT,1
5AAG,0.94,5ORT,1
5DNR,0.973,5ORT,1
5DRD,0.959,5ORT,1
5DT0,0.959,5ORT,1
5DT3,0.973,5ORT,1
5EW9,0.947,5ORT,1
5G1X,0.967,5ORT,2
5L8J,0.925,5ORT,2
5L8K,0.967,5ORT,2
5L8L,0.967,5ORT,2
5LXM,0.967,5ORT,2
5ONE,0.947,5ORT,1
1ANT,0.91,1SR5,2
1ATH,0.942,1SR5,2
1BR8,0.904,1SR5,3
1DZG,0.936,1SR5,2
1DZH,0.923,1SR5,2
1E04,0.923,1SR5,2
1E05,0.926,1SR5,2
1JVQ,0.913,1SR5,2
1LK6,0.913,1SR5,2
1OYH,0.925,1SR5,2
1R1L,0.928,1SR5,2
1T1F,0.924,1SR5,1
2ANT,0.926,1SR5,2
2B4X,0.911,1SR5,2
2B5T,1.0,1SG8,4
2BEH,0.91,1SR5,2
2GD4,0.924,1SR5,6
2HIJ,0.912,1SR5,2
2ZNH,0.909,1SR5,2
4EB1,0.877,1SR5,2
3ALN,0.857,3ALO,3
3VUT,0.83,3ALO,2
1YQ7,0.943,5DGM,1
1YV5,0.948,5DGM,1
1ZW5,0.948,5DGM,1
2F7M,0.958,5DGM,1
2F89,0.959,5DGM,1
2F8C,0.96,5DGM,1
2F8Z,0.959,5DGM,1
2F92,0.96,5DGM,1
2F94,0.959,5DGM,1
2F9K,0.96,5DGM,1
2OPM,0.948,5DGM,1
2OPN,0.948,5DGM,1
2QIS,0.945,5DGM,1
2RAH,0.946,5DGM,1
2VF6,0.938,5DGM,1
3B7L,0.96,5DGM,1
3CP6,0.937,5DGM,1
3RYE,0.947,5DGM,1
3S4J,0.946,5DGM,1
4DEM,0.959,5DGM,1
4GA3,0.959,5DGM,1
4H5C,0.959,5DGM,1
4H5D,0.959,5DGM,1
4H5E,0.959,5DGM,1
4JVJ,0.96,5DGM,1
4KFA,0.941,5DGM,1
4KPD,0.941,5DGM,1
4KPJ,0.941,5DGM,1
4KQ5,0.957,5DGM,1
4KQS,0.935,5DGM,1
4KQU,0.94,5DGM,1
4L2X,0.959,5DGM,1
4LFV,0.959,5DGM,1
4N1Z,0.929,5DGM,1
4N9U,0.937,5DGM,1
4NFI,0.949,5DGM,1
4NFJ,0.96,5DGM,1
4NFK,0.959,5DGM,1
4NG6,0.955,5DGM,1
4NKE,0.937,5DGM,1
4NKF,0.937,5DGM,1
4NUA,0.937,5DGM,1
4OGU,0.937,5DGM,1
4P0V,0.959,5DGM,1
4P0W,0.959,5DGM,1
4P0X,0.91,5DGM,1
4PVX,0.96,5DGM,1
4PVY,0.959,5DGM,1
4Q23,0.941,5DGM,1
4QPF,0.938,5DGM,1
4XQR,0.958,5DGM,1
4XQS,0.957,5DGM,1
4XQT,0.957,5DGM,1
5CG5,0.96,5DGM,1
5CG6,0.96,5DGM,1
5DGS,0.96,5DGM,1
1FUO,0.0,,2
1FUP,0.0,,2
1FUQ,0.0,,2
1FUR,0.0,,2
1KQ7,0.0,,2
1YFE,0.0,,1
1GOS,0.0,,2
1OJ9,0.0,,2
1OJA,0.0,,2
1OJC,0.0,,2
1OJD,0.0,,3
1S2Q,0.0,,2
1S2Y,0.0,,2
1S3B,0.0,,2
1S3E,0.0,,2
2BK3,0.0,,2
2BK4,0.0,,2
2BK5,0.0,,2
2BYB,0.0,,2
2C64,0.0,,2
2C65,0.0,,2
2C66,0.0,,2
2C67,0.0,,2
2C70,0.0,,2
2C72,0.0,,2
2C73,0.0,,2
2C75,0.0,,2
2C76,0.0,,2
2V5Z,0.0,,2
2V60,0.0,,2
2V61,0.0,,2
2VRL,0.0,,2
2VRM,0.0,,2
2VZ2,0.0,,2
2XCG,0.0,,2
2XFN,0.0,,2
2XFO,0.0,,2
2XFP,0.0,,2
2XFQ,0.0,,2
2XFU,0.0,,2
3PO7,0.0,,2
3ZYX,0.0,,2
4A79,0.0,,2
4A7A,0.0,,2
4CRT,0.0,,2
5MRL,0.0,,2
1DF1,1.0,2ORQ,1
1DWV,1.0,2ORQ,1
1DWW,1.0,2ORQ,1
1DWX,0.997,2ORQ,1
1JWJ,0.987,2ORQ,1
1JWK,0.987,2ORQ,1
1M8D,1.0,2ORQ,1
1M8E,0.995,2ORQ,1
1M8H,0.993,2ORQ,1
1M8I,0.993,2ORQ,1
1M9T,0.993,2ORQ,1
1N2N,1.0,2ORQ,1
1NOC,0.979,2ORQ,1
1NOD,0.997,2ORQ,2
1NOS,0.812,2ORQ,1
1QOM,1.0,2ORQ,1
1QW4,1.0,2ORQ,1
1QW5,1.0,2ORQ,1
1R35,0.995,2ORQ,1
1VAF,1.0,2ORQ,1
2BHJ,0.993,2ORQ,1
2NOD,0.997,2ORQ,1
2NOS,0.809,2ORQ,1
2Y37,0.991,2ORQ,1
3DWJ,0.978,2ORQ,1
3E65,1.0,2ORQ,1
3E67,0.993,2ORQ,1
3E68,1.0,2ORQ,1
3E6L,0.995,2ORQ,1
3E6N,0.993,2ORQ,1
3E6O,1.0,2ORQ,1
3E6T,1.0,2ORQ,1
3E7I,1.0,2ORQ,1
3E7M,1.0,2ORQ,1
3E7T,0.995,2ORQ,1
3EAI,1.0,2ORQ,1
3EBD,1.0,2ORQ,1
3EBF,1.0,2ORQ,1
3NOD,0.997,2ORQ,1
3NW2,0.997,2ORQ,1
4JS9,0.972,2ORQ,1
4UX6,1.0,2ORQ,2
1AQ2,0.259,6B95,1
1AYL,0.259,6B95,1
1K3C,0.259,6B95,1
1K3D,0.259,6B95,1
1OEN,0.256,6B95,1
1OS1,0.259,6B95,1
2OLQ,0.259,6B95,1
2OLR,0.259,6B95,1
2PXZ,0.259,6B95,1
1PO5,0.248,1W0F,1
1SUO,0.249,1W0F,1
2BDM,0.249,1W0F,1
2Q6N,0.249,1W0F,1
3G5N,0.245,1W0F,4
3G93,0.292,5FM2,4
3KW4,0.249,1W0F,1
3ME6,0.249,1W0F,1
3MVR,0.249,1W0F,1
3R1A,0.249,1W0F,2
3R1B,0.249,1W0F,3
3TK3,0.248,1W0F,1
3TMZ,0.251,1W0F,1
3UAS,0.247,1W0F,1
4H1N,0.248,1W0F,1
4JLT,0.25,1W0F,1
4MGJ,0.241,1W0F,1
5EM4,0.306,6B95,2
5IUT,0.249,1W0F,1
5IUZ,0.249,1W0F,2
1A50,0.964,4WX2,2
1A5A,0.964,4WX2,2
1A5B,0.964,4WX2,2
1A5S,0.965,4WX2,2
1BKS,0.964,4WX2,2
1C29,0.965,4WX2,2
1C8V,0.965,4WX2,2
1C9D,0.965,4WX2,2
1CW2,0.965,4WX2,2
1CX9,0.965,4WX2,2
1K7X,0.964,4WX2,2
1K8X,0.966,4WX2,2
1KFE,0.966,4WX2,2
1KFJ,0.966,4WX2,2
1KFK,0.966,4WX2,2
1QOP,0.966,4WX2,2
1QOQ,0.963,4WX2,2
1TTP,0.964,4WX2,2
1TTQ,0.964,4WX2,2
1UBS,0.96,4WX2,2
1WBJ,0.966,4WX2,2
2J9Y,0.964,4WX2,2
2J9Z,0.961,4WX2,2
2RHG,0.89,4WX2,2
2TRS,0.96,4WX2,2
2TSY,0.96,4WX2,2
2TYS,0.96,4WX2,2
2WSY,0.928,4WX2,2
3PR2,0.966,4WX2,2
4XUG,0.966,4WX2,2
4Y6G,0.965,4WX2,2
4ZQC,0.965,4WX2,2
5BW6,0.966,4WX2,2
5CGQ,0.966,4WX2,2
1AQ1,0.891,3PXF,1
1B38,0.943,3PXF,1
1B39,0.943,3PXF,1
1BUH,0.945,3PXF,2
1CKP,0.898,3PXF,1
1DI8,0.913,3PXF,1
1DM2,0.883,3PXF,1
1E1V,0.943,3PXF,1
1E1X,0.943,3PXF,1
1E9H,0.967,3PXF,3
1F5Q,0.963,3PXF,4
1FIN,0.977,3PXF,2
1FQ1,0.967,3PXF,2
1FVT,0.908,3PXF,1
1FVV,0.977,3PXF,2
1G5S,0.883,3PXF,1
1GIH,0.889,3PXF,1
1GII,0.893,3PXF,1
1GIJ,0.874,3PXF,1
1GY3,0.967,3PXF,2
1GZ8,0.935,3PXF,1
1H00,0.886,3PXF,1
1H01,0.931,3PXF,1
1H07,0.927,3PXF,1
1H08,0.913,3PXF,1
1H0V,0.929,3PXF,1
1H0W,0.913,3PXF,1
1H1P,0.967,3PXF,2
1H1Q,0.967,3PXF,2
1H1R,0.967,3PXF,2
1H1S,0.967,3PXF,2
1H24,0.967,3PXF,2
1H25,0.967,3PXF,4
1H26,0.967,3PXF,3
1H27,0.967,3PXF,3
1H28,0.967,3PXF,3
1HCK,0.957,3PXF,1
1HCL,0.957,3PXF,1
1JST,0.968,3PXF,2
1JSU,0.971,3PXF,3
1JSV,0.936,3PXF,1
1JVP,0.905,3PXF,1
1KE5,0.905,3PXF,1
1KE6,0.901,3PXF,1
1KE7,0.905,3PXF,1
1KE8,0.908,3PXF,1
1KE9,0.905,3PXF,1
1OGU,0.953,3PXF,4
1OI9,0.967,3PXF,4
1OIQ,0.835,3PXF,1
1OIR,0.929,3PXF,1
1OIT,0.877,3PXF,1
1OIU,0.953,3PXF,3
1OIY,0.967,3PXF,3
1OKV,0.976,3PXF,3
1OKW,0.976,3PXF,2
1OL1,0.976,3PXF,2
1OL2,0.976,3PXF,2
1P2A,0.861,3PXF,1
1P5E,0.967,3PXF,2
1PF8,0.977,3PXF,1
1PKD,0.967,3PXF,2
1PW2,0.957,3PXF,1
1PXI,0.957,3PXF,1
1PXJ,0.957,3PXF,1
1PXK,0.943,3PXF,1
1PXL,0.943,3PXF,1
1PXM,0.943,3PXF,1
1PXN,0.957,3PXF,1
1PXO,0.957,3PXF,1
1PXP,0.957,3PXF,1
1PYE,0.841,3PXF,1
1QMZ,0.967,3PXF,2
1R78,0.878,3PXF,1
1URC,0.976,3PXF,3
1URW,0.874,3PXF,1
1V1K,0.889,3PXF,1
1VYW,0.978,3PXF,4
1VYZ,0.898,3PXF,1
1W0X,0.901,3PXF,1
1W8C,0.935,3PXF,1
1W98,0.967,3PXF,2
1WCC,0.912,3PXF,1
1Y8Y,0.948,3PXF,1
1Y91,0.923,3PXF,1
1YKR,0.977,3PXF,1
2A0C,0.957,3PXF,1
2A4L,0.93,3PXF,1
2B52,0.914,3PXF,1
2B53,0.957,3PXF,1
2B54,0.977,3PXF,1
2B55,0.891,3PXF,1
2BHE,0.883,3PXF,1
2BHH,0.883,3PXF,1
2BKZ,0.978,3PXF,4
2BPM,0.978,3PXF,4
2BTR,0.885,3PXF,1
2BTS,0.881,3PXF,1
2C4G,0.978,3PXF,3
2C5N,0.976,3PXF,3
2C5O,0.976,3PXF,3
2C5V,0.976,3PXF,2
2C5X,0.976,3PXF,2
2C5Y,0.948,3PXF,1
2C68,0.947,3PXF,1
2C69,0.948,3PXF,1
2C6I,0.948,3PXF,1
2C6K,0.948,3PXF,1
2C6L,0.947,3PXF,1
2C6M,0.947,3PXF,1
2C6O,0.947,3PXF,1
2C6T,0.967,3PXF,2
2CCH,0.967,3PXF,4
2CCI,0.967,3PXF,4
2CJM,0.957,3PXF,3
2CLX,0.954,3PXF,1
2DS1,0.938,3PXF,1
2DUV,0.874,3PXF,1
2EXM,0.977,3PXF,1
2FVD,0.917,3PXF,1
2G9X,0.968,3PXF,3
2I40,0.976,3PXF,4
2IW6,0.964,3PXF,4
2IW8,0.96,3PXF,4
2IW9,0.943,3PXF,4
2J9M,0.886,3PXF,1
2JGZ,0.968,3PXF,2
2R3F,0.947,3PXF,1
2R3G,0.938,3PXF,1
2R3H,0.947,3PXF,1
2R3I,0.935,3PXF,1
2R3J,0.898,3PXF,1
2R3K,0.893,3PXF,1
2R3L,0.883,3PXF,1
2R3M,0.898,3PXF,1
2R3N,0.882,3PXF,1
2R3O,0.935,3PXF,1
2R3P,0.935,3PXF,1
2R3Q,0.927,3PXF,1
2R3R,0.947,3PXF,1
2R64,0.898,3PXF,1
2UUE,0.976,3PXF,3
2UZB,0.967,3PXF,2
2UZD,0.967,3PXF,2
2UZE,0.967,3PXF,3
2UZL,0.967,3PXF,2
2UZN,0.899,3PXF,1
2UZO,0.947,3PXF,1
2V0D,0.948,3PXF,1
2V22,0.976,3PXF,3
2VTA,0.893,3PXF,1
2VTH,0.893,3PXF,1
2VTI,0.901,3PXF,1
2VTJ,0.886,3PXF,1
2VTL,0.943,3PXF,1
2VTM,0.943,3PXF,1
2VTN,0.884,3PXF,1
2VTO,0.913,3PXF,1
2VTP,0.904,3PXF,1
2VTQ,0.881,3PXF,1
2VTR,0.944,3PXF,1
2VTS,0.91,3PXF,1
2VTT,0.876,3PXF,1
2VU3,0.921,3PXF,1
2VV9,0.895,3PXF,1
2W05,0.886,3PXF,1
2W06,0.908,3PXF,1
2W17,0.88,3PXF,1
2W1H,0.912,3PXF,1
2WEV,0.976,3PXF,3
2WFY,0.976,3PXF,4
2WHB,0.976,3PXF,3
2WIH,0.978,3PXF,4
2WIP,0.954,3PXF,4
2WMA,0.967,3PXF,3
2WMB,0.967,3PXF,3
2WPA,0.978,3PXF,4
2WXV,0.978,3PXF,3
2X1N,0.976,3PXF,3
2XMY,0.961,3PXF,1
2XNB,0.965,3PXF,1
3BHT,0.957,3PXF,3
3BHU,0.957,3PXF,3
3BHV,0.957,3PXF,3
3DDP,0.968,3PXF,4
3DDQ,0.956,3PXF,4
3DOG,0.958,3PXF,4
3EID,0.947,3PXF,4
3EJ1,0.961,3PXF,4
3EOC,0.961,3PXF,3
3EZR,0.879,3PXF,1
3EZV,0.891,3PXF,1
3F5X,0.977,3PXF,4
3FZ1,0.917,3PXF,1
3IG7,0.895,3PXF,1
3IGG,0.943,3PXF,1
3LE6,0.924,3PXF,1
3LFN,0.919,3PXF,1
3LFQ,0.938,3PXF,1
3LFS,0.944,3PXF,1
3MY5,0.953,3PXF,3
3NS9,0.949,3PXF,1
3PJ8,0.927,3PXF,1
3PXR,0.957,3PXF,1
3PXY,0.957,3PXF,1
3PY0,0.957,3PXF,1
3QHR,0.969,3PXF,3
3QHW,0.969,3PXF,3
3QL8,0.957,3PXF,1
3QQF,0.957,3PXF,1
3QQG,0.957,3PXF,1
3QQH,0.957,3PXF,1
3QQJ,0.957,3PXF,1
3QQK,0.957,3PXF,1
3QQL,0.957,3PXF,1
3QRT,0.957,3PXF,1
3QRU,0.961,3PXF,1
3QTQ,0.957,3PXF,1
3QTR,0.909,3PXF,1
3QTS,0.909,3PXF,1
3QTU,0.957,3PXF,1
3QTW,0.957,3PXF,1
3QTX,0.957,3PXF,1
3QTZ,0.957,3PXF,1
3QU0,0.957,3PXF,1
3QWJ,0.957,3PXF,1
3QWK,0.957,3PXF,1
3QX2,0.957,3PXF,1
3QX4,0.957,3PXF,1
3QXO,0.957,3PXF,1
3QXP,0.957,3PXF,1
3QZF,0.957,3PXF,1
3QZG,0.957,3PXF,1
3QZH,0.957,3PXF,1
3QZI,0.957,3PXF,1
3R1Q,0.957,3PXF,1
3R1S,0.957,3PXF,1
3R1Y,0.957,3PXF,1
3R28,0.957,3PXF,1
3R6X,0.957,3PXF,1
3R71,0.957,3PXF,1
3R73,0.957,3PXF,1
3R7E,0.957,3PXF,1
3R7I,0.909,3PXF,1
3R7U,0.909,3PXF,1
3R7V,0.957,3PXF,1
3R7Y,0.957,3PXF,1
3R83,0.957,3PXF,1
3R8L,0.957,3PXF,1
3R8M,0.922,3PXF,1
3R8P,0.957,3PXF,1
3R8U,0.957,3PXF,1
3R8V,0.957,3PXF,1
3R8Z,0.938,3PXF,1
3R9D,0.957,3PXF,1
3R9H,0.957,3PXF,1
3R9N,0.909,3PXF,1
3R9O,0.909,3PXF,1
3RAH,0.909,3PXF,1
3RAI,0.957,3PXF,1
3RAK,0.891,3PXF,1
3RAL,0.891,3PXF,1
3RJC,0.957,3PXF,1
3RK5,0.957,3PXF,1
3RK7,0.957,3PXF,1
3RK9,0.957,3PXF,1
3RKB,0.957,3PXF,1
3RM6,0.947,3PXF,1
3RM7,0.957,3PXF,1
3RMF,0.894,3PXF,1
3RNI,0.957,3PXF,1
3ROY,0.957,3PXF,1
3RPO,0.957,3PXF,1
3RPR,0.909,3PXF,1
3RPV,0.957,3PXF,1
3RPY,0.891,3PXF,1
3RZB,0.909,3PXF,1
3S00,0.957,3PXF,1
3S0O,0.948,3PXF,1
3S1H,0.891,3PXF,1
3S2P,0.898,3PXF,1
3SQQ,0.931,3PXF,1
3SW4,0.903,3PXF,1
3SW7,0.894,3PXF,1
3TI1,0.957,3PXF,1
3TIY,0.958,3PXF,1
3TIZ,0.958,3PXF,1
3TNW,0.954,3PXF,4
3ULI,0.921,3PXF,1
3UNJ,0.957,3PXF,1
3UNK,0.961,3PXF,1
3WBL,0.906,3PXF,1
4ACM,0.882,3PXF,1
4BCK,0.968,3PXF,4
4BCM,0.966,3PXF,4
4BCN,0.968,3PXF,4
4BCO,0.968,3PXF,4
4BCP,0.968,3PXF,3
4BCQ,0.954,3PXF,4
4BGH,0.886,3PXF,1
4BZD,0.884,3PXF,1
4CFM,0.967,3PXF,3
4CFN,0.968,3PXF,4
4CFU,0.959,3PXF,4
4CFV,0.969,3PXF,3
4CFW,0.969,3PXF,4
4CFX,0.968,3PXF,2
4D1X,0.889,3PXF,1
4D1Z,0.832,3PXF,1
4EK3,0.943,3PXF,1
4EK4,0.94,3PXF,1
4EK5,0.94,3PXF,1
4EK6,0.893,3PXF,1
4EK8,0.905,3PXF,1
4EOI,0.963,3PXF,4
4EOJ,0.937,3PXF,4
4EOK,0.956,3PXF,4
4EOL,0.956,3PXF,4
4EOM,0.945,3PXF,4
4EON,0.958,3PXF,4
4EOO,0.967,3PXF,4
4EOP,0.966,3PXF,4
4EOQ,0.952,3PXF,4
4EOR,0.948,3PXF,4
4EOS,0.967,3PXF,4
4ERW,0.942,3PXF,1
4EZ3,0.957,3PXF,1
4FKG,0.924,3PXF,1
4FKI,0.928,3PXF,1
4FKJ,0.894,3PXF,1
4FKL,0.947,3PXF,1
4FKO,0.946,3PXF,1
4FKP,0.901,3PXF,1
4FKQ,0.909,3PXF,1
4FKR,0.908,3PXF,1
4FKS,0.891,3PXF,1
4FKT,0.901,3PXF,1
4FKU,0.954,3PXF,1
4FKV,0.908,3PXF,1
4FKW,0.901,3PXF,1
4FX3,0.977,3PXF,3
4GCJ,0.978,3PXF,1
4I3Z,0.967,3PXF,2
4II5,0.967,3PXF,3
4KD1,0.977,3PXF,1
4LYN,0.932,3PXF,1
4NJ3,0.895,3PXF,1
4RJ3,0.938,3PXF,1
5A14,0.924,3PXF,1
5AND,0.893,3PXF,1
5ANE,0.957,3PXF,1
5ANG,0.849,3PXF,1
5ANI,0.904,3PXF,1
5ANJ,0.952,3PXF,1
5ANK,0.87,3PXF,1
5ANO,0.89,3PXF,1
5CYI,0.968,3PXF,4
5D1J,0.848,3PXF,1
5FP5,0.846,3PXF,1
5FP6,0.914,3PXF,1
5IEV,0.915,3PXF,1
5IEX,0.92,3PXF,1
5IEY,0.922,3PXF,1
5IF1,0.977,3PXF,3
5JQ5,0.939,3PXF,1
5JQ8,0.902,3PXF,1
5K4J,0.904,3PXF,1
5L2W,0.967,3PXF,2
5LMK,0.956,3PXF,4
5NEV,0.968,3PXF,3
5UQ1,0.976,3PXF,4
5UQ2,0.976,3PXF,2
5UQ3,0.956,3PXF,3
